country,country_code,display_name,name,url
Argentina,ar,Buenos Aires Económico,buenosaires_economico,http://www.diariobae.com/
Argentina,ar,Buenos Aires Herald,buenos_aires_herald,http://www.buenosairesherald.com/
Argentina,ar,Clarín,ar_clarin,http://www.clarin.com/
Argentina,ar,Crónica,ar_cronica,http://www.cronica.com.ar/
Argentina,ar,Diario Ambito Financiero,ar_ambito,http://www.ambitoweb.com/
Argentina,ar,Diario El Libertador,ar_libertador,http://www.diarioellibertador.com.ar/
Argentina,ar,Diario El Litoral,ar_litoral_sfe,http://www.ellitoral.com/
Argentina,ar,Diario El Sureño,ar_sureno,http://www.surenio.com.ar/
Argentina,ar,Diario Jornada,jornada_mendoza,http://www.jornadaonline.com/
Argentina,ar,Diario Jornada en la Patagonia,ar_jornada,http://www.diariojornada.com.ar/
Argentina,ar,Diario La Arena,ar_arena,http://www.laarena.com.ar/
Argentina,ar,Diario La Capital - Mar del Plata,la_capital,http://www.lacapitalmdp.com/
Argentina,ar,Diario Popular,ar_diario_popular,http://www.popularonline.com.ar/
Argentina,ar,Diario Uno,ar_uno,http://www.diariouno.com.ar/
Argentina,ar,Diario de Cuyo,ar_diario_cuyo,http://www.diariodecuyo.com.ar/
Argentina,ar,Diario de La Pampa,ar_diario_pampa,http://www.eldiariodelapampa.com.ar/
Argentina,ar,El Atlántico,el_atlantico,http://www.diarioelatlantico.com/
Argentina,ar,El Cronista Comercial,ar_cronista,http://www.cronista.com/
Argentina,ar,El Diario de Paraná,diario_parana,http://www.eldiario.com.ar/
Argentina,ar,El Día de la Plata,ar_eldia,http://www.eldia.com.ar/
Argentina,ar,El Litoral Corrientes,ar_litoral,http://www.ellitoral.com.ar/
Argentina,ar,El Sol,ar_elsol_concordia,http://www.diarioelsol.com/
Argentina,ar,El Territorio,ar_territorio_posadas,http://www.territoriodigital.com/
Argentina,ar,La Capital - Rosario,ar_capital_rosario,http://www.lacapital.com.ar/
Argentina,ar,La Gaceta,ar_gaceta,http://www.lagaceta.com.ar/
Argentina,ar,La Nación,nacion,http://www.lanacion.com.ar/
Argentina,ar,La Nueva Provincia,ar_nueva_provincia,http://www.lanueva.com/
Argentina,ar,La Razón,ar_razon,http://www.larazon.com.ar/
Argentina,ar,La República de Corrientes,ar_republica_corrientes,http://www.diariolarepublica.com.ar/
Argentina,ar,La Voz del Interior,ar_voz_interior,http://www.lavozdelinterior.com.ar/
Argentina,ar,Los Andes - Mendoza,ar_losandes,http://www.losandes.com.ar/
Argentina,ar,Mañana de Córdoba,ar_manana_cordoba,http://www.lmcordoba.com.ar/
Argentina,ar,Miradas al Sur,miradas_sur,http://sur.elargentino.com/
Argentina,ar,Misiones,ar_misiones,http://www.misionesonline.net/
Argentina,ar,Muy,ar_muy,http://www.facebook.com/DiarioMuy
Argentina,ar,Noticias de la Calle,ar_noticias_calle,http://www.noticiasdelacalle.com.ar/
Argentina,ar,Olé,ole,http://www.ole.com.ar/
Argentina,ar,Página/12,ar_pagina12,http://www.pagina12.com.ar/
Argentina,ar,Rosario 12,ar_rosario12,http://www.rosario-12.com.ar/
Argentina,ar,Tiempo Argentino,tiempo_argentino,http://tiempo.infonews.com/
Argentina,ar,Uno de Santa Fe,ar_uno_sfe,http://www.unosantafe.com.ar/
Asia-Pacific,asi,Gulf News,gulf_news,http://www.gulfnews.com/
Asia-Pacific,asi,Manila Standard Today,manila_standard_today,http://www.manilastandardtoday.com/
Australia,au,Herald Sun,herald_sun,http://www.news.com.au/heraldsun/
Australia,au,Northern Territory News,northern_territory,http://www.ntnews.com.au/
Australia,au,The Australian,au_australian,http://www.theaustralian.news.com.au/
Australia,au,The Australian Financial Review,au_financial_review,http://www.afr.com/
Australia,au,The Courier-Mail,courier_mail,http://www.news.com.au/couriermail/
Australia,au,The Daily Telegraph,au_daily_telegraph,http://www.dailytelegraph.news.com.au/
Australia,au,The Sydney Morning Herald,sydney_morning_herald,http://www.smh.com.au/
Australia,au,The West Australian,west_australian,http://au.news.yahoo.com/thewest/
Belgium,be,DH,dh,http://www.dhnet.be/
Belgium,be,De Morgen,morgen,http://www.demorgen.be/
Belgium,be,De Standaard,standaard,http://www.standaard.be/
Belgium,be,De Tijd,de_tijd,http://www.tijd.be/
Belgium,be,Gazet van Antwerpen,gva,http://www.gva.be/
Belgium,be,Het Nieuwsblad,nieuwsblad,http://www.nieuwsblad.be/
Belgium,be,L'Echo,l_echo,http://www.lecho.be/
Belgium,be,Le Soir,lesoir,http://www.lesoir.be/
Bolivia,bo,Correo Sur,correo_sur,http://www.correodelsur.com/
Bolivia,bo,Deportivo,elnacional_deportivo,http://www.elnacionaltarija.com/diario/category/deportivo/
Bolivia,bo,Diario de Potosí,potosi,http://www.elpotosi.net/
Bolivia,bo,La Patria,patria,http://www.lapatriaenlinea.com/
Bolivia,bo,La Prensa,bo_prensa,http://www.laprensa.com.bo/
Bolivia,bo,Los Tiempos,bo_tiempos,http://www.lostiempos.com/
Brasil,br,Brasil Econômico,economico,http://www.brasileconomico.com.br/
Brasil,br,Diário A Tarde,br_atarde,http://www.atarde.com.br/
Brasil,br,Diário de Cuiabá,diario_cuiaba,http://www.diariodecuiaba.com.br/
Brasil,br,Diário do Comércio,br_diario_comercio,http://www.dcomercio.com.br/
Brasil,br,Extra,br_extra,http://extra.globo.com/
Brasil,br,Folha de São Paulo,br_folha_spaulo,http://www.folha.uol.com.br/
Brasil,br,Jornal Agora,br_agora,http://www.jornalagora.com.br/
Brasil,br,Jornal Estado de Minas,jornal_estado_minas,http://www.uai.com.br/em.html
Brasil,br,Jornal do Comércio,jornal_comercio,http://jcrs.uol.com.br/
Brasil,br,Lance!,br_lance,http://www.lancenet.com.br/
Brasil,br,O Correio Brazilense,correio_braziliense,http://www.correiobraziliense.com.br/
Brasil,br,O Dia,o_dia,http://odia.terra.com.br/
Brasil,br,O Estado de São Paulo,br_estado_spaulo,http://www.estadao.com.br/
Brasil,br,O Globo,br_oglobo,http://www.oglobo.com.br/
Brasil,br,O Liberal,o_liberal,http://www.oliberal.com.br/
Canada,ca,La Presse,ca_la_presse,http://www.cyberpresse.ca/actualites/regional/montreal/
Canada,ca,Le Journal de Montréal,ca_journal_montreal,http://www.canoe.com/journaldemontreal/
Canada,ca,Ottawa Citizen,ca_ottawa_citizen,http://www.ottawacitizen.com/
Canada,ca,The Gazette,ca_montreal_gazette,http://www.montrealgazette.com/
Canada,ca,The Province,ca_province,http://www.canada.com/theprovince/index.html
Canada,ca,The Toronto Star,ca_toronto_star,http://www.thestar.com/
Canada,ca,The Toronto Sun,ca_toronto_sun,http://torontosun.com/
Canada,ca,The Vancouver Sun,ca_vancouver_sun,http://www.canada.com/vancouversun/index.html
Canada,ca,Winnipeg Free Press,winnipeg_free_press,http://www.winnipegfreepress.com/
Chile,cl,Diario Chañarcillo,cl_chanarcillo,http://www.chanarcillo.cl/
Chile,cl,Diario El Andino,andino,http://www.elandino.cl/
Chile,cl,Diario El Divisadero,cl_divisadero,http://www.eldivisadero.cl/
Chile,cl,Diario de Concepción,diario_concepcion,http://www.diariodeconcepcion.cl/
Chile,cl,Diario el Centro,cl_centro,http://www.diarioelcentro.cl/
Chile,cl,El Mercurio,cl_mercurio,http://www.elmercurio.com/
Chile,cl,El Tipógrafo,cl_tipografo,http://www.eltipografo.cl/
Chile,cl,Estrategia,cl_estrategia,http://www.estrategia.cl/
Chile,cl,La Cuarta,cl_cuarta,http://www.lacuarta.cl/
Chile,cl,La Hora,cl_lahora,http://www.lahora.cl/
Chile,cl,La Tercera,cl_tercera,http://www.latercera.cl/
Chile,cl,Las Últimas Noticias,cl_ultimas_noticias,http://www.lun.com/
China,cn,China Daily,china_daily,http://www.chinadaily.com.cn/index.html
China,cn,The Global Times,cn_global_times,http://www.globaltimes.cn/
China,cn,人民网 - Renmin Ribao,cn_renmin_ribao,http://www.people.com.cn/
China,cn,解放军报 - Jiefangjun Bao,cn_jiefangjun_bao,http://www.chinamil.com.cn/
Colombia,co,Diario La Opinion,co_opinion,http://www.laopinion.com.co/
Colombia,co,Diario de Otún,co_diario_otun,http://www.eldiario.com.co/
Colombia,co,El Colombiano,co_elcolombiano,http://www.elcolombiano.com/
Colombia,co,El Espectador,co_espectador,http://www.elespectador.com/
Colombia,co,El Mundo,co_elmundo,http://www.elmundo.com/
Colombia,co,El País - Cali,co_elpais,http://www.elpais.com.co/
Colombia,co,El Tiempo,co_eltiempo,http://www.eltiempo.com/
Colombia,co,El Universal,co_universal,http://www.eluniversal.com.co/
Colombia,co,Hoy Diario del Magdalena,co_diario_magdalena,http://www.hoydiariodelmagdalena.com.co/
Colombia,co,La Crónica del Quindío,co_cronica_quindio,http://www.cronicadelquindio.com/
Colombia,co,La Libertad,co_libertad,http://lalibertad.com.co/
Colombia,co,La Patria,co_patria,http://www.lapatria.com/
Colombia,co,La Republica,co_republica,http://www.larepublica.com.co/
Colombia,co,Portafolio,co_portafolio,http://www.portafolio.com.co/
Colombia,co,Vanguardia - Valledupar - Cesar,co_vanguardia_valledupar,http://www.vanguardiavalledupar.com/
Colombia,co,Vanguardia Liberal,co_vanguardia,http://www.vanguardia.com/
Costa Rica,cr,Diario Extra,cr_extra,http://www.diarioextra.com/
Costa Rica,cr,La Nación - Costa Rica,cr_nacion,http://www.nacion.com
Cuba,cu,Granma,cu_granma,http://www.granma.cu/
Denmark,dk,B.T.,bt,http://bt.dk/
Denmark,dk,Berlingske,berlingske_tidende,http://www.b.dk/
Denmark,dk,Ekstra Bladet,ekstrabladet,http://ekstrabladet.dk/
Denmark,dk,Politiken,politiken,http://politiken.dk/
Dominican Rep.,do,Diario Libre,do_diario_libre,http://www.diariolibre.com/
Dominican Rep.,do,El Caribe,el_caribe,http://www.elcaribe.com.do/
Dominican Rep.,do,El Día,do_eldia,http://www.eldia.com.do/
Dominican Rep.,do,Listín Diario,do_listin,http://www.listin.com.do/
Ecuador,ec,Diario El Mercurio,ec_mercurio,http://www.elmercurio.com.ec/
Ecuador,ec,Diario Hoy,ec_diario_hoy,http://www.hoy.com.ec/
Ecuador,ec,El Comercio,ec_comercio,http://www.elcomercio.com/
Ecuador,ec,Expreso,ec_expreso,http://expreso.ec/
Egypt,eg,Al Akhbar - الأخبار,al_akhbar,http://www.al-akhbar.com/
Egypt,eg,Al-Ahrām - الأهرام اليومى,al_ahram,http://www.ahram.org.eg/
Egypt,eg,Al-Tahrir - التحري,al_tahrir,http://tahrirnews.com/
El Salvador,sv,Diario Co Latino,diario_co_latino,http://www.diariocolatino.com/
El Salvador,sv,La Prensa Gráfica,prensa_grafica,http://www.laprensagrafica.com/
France,fr,Aujourd'hui en France,aujourd_hui,http://www.aujourdhui-en-france.fr/
France,fr,Berry Republicain,berryrepublicain,http://www.leberry.fr/
France,fr,Charente Libre,charentelibre,http://www.charentelibre.com/
France,fr,Corse-Matin,corsematin,http://www.corsematin.com/
France,fr,Courrier Picard,courrierpicard,http://courrier-picard.fr/
France,fr,Journal L'Alsace,alsace,http://www.alsapresse.com/
France,fr,Journal de Saône-et-Loire,journalsaoneloire,http://www.lejsl.com/
France,fr,L'Ardenais,ardennais,http://www.lunion.presse.fr/
France,fr,L'Echo Républicain,echorepublicain,http://www.lechorepublicain.fr/
France,fr,L'Echo de la Haute-Vienne,echo,http://www.l-echo.info/?q=haute-vienne
France,fr,L'Eclair des Pyrénées,eclairpyrenees,http://www.pyrenees.com/
France,fr,L'Equipe,l_equip,http://www.lequipe.fr/
France,fr,L'Est Eclair,esteclair,http://www.lest-eclair.fr/
France,fr,L'Est Republicain,estrepublicain,http://www.estrepublicain.fr/
France,fr,L'Union,union,http://www.lunion.presse.fr/
France,fr,L'Yonne-Républicaine,lyonnerepublicaine,http://www.lyonne-republicaine.fr/
France,fr,La Croix,lacroix,http://www.la-croix.com/
France,fr,La Dépêche du Midi,depeche,http://www.ladepeche.fr/
France,fr,La Marseillaise,marseillaise,http://www.journal-lamarseillaise.com/
France,fr,La Montagne,montagne,http://www.lamontagne.fr/
France,fr,La Nouvelle Republique,nouvellerepublique,http://www.lanouvellerepublique.fr/
France,fr,La Provence,provence,http://www.laprovence.com/
France,fr,La République des Pyrénées,republiquepyrenees,http://www.republique-pyrenees.com/
France,fr,La République du Centre,larep,http://www.larep.com/
France,fr,La Tribune,tribune,http://www.latribune.fr/
France,fr,Le Bien Public,bienpublic,http://www.bienpublic.com/
France,fr,Le Courrier de l'Ouest,courrierouest,http://fr.wikipedia.org/wiki/Le_Courrier_de_l%27Ouest
France,fr,Le Dauphiné Libéré,dauphine,http://www.ledauphine.com/
France,fr,Le Figaro,lefigaro,http://www.lefigaro.fr/
France,fr,Le Havre Libre,havrelibre,http://fr.wikipedia.org/wiki/Le_Havre_Libre
France,fr,Le Havre Presse,havrepresse,http://fr.wikipedia.org/wiki/Le_Havre_Presse
France,fr,Le Indépendant,independant,http://www.lindependant.com/
France,fr,Le Journal du Pays Basque,journal_basque,http://www.lejpb.com/
France,fr,Le Maine Libre,mainelibre,http://www.mainelibre.fr/
France,fr,Le Monde,lemonde,http://www.lemonde.fr/
France,fr,Le Parisien,parisien,http://www.leparisien.fr/
France,fr,Le Petit Bleu,petitbleu,http://www.petitbleu.fr/
France,fr,Le Populaire du Centre,populairecentre,http://www.lepopulaire.fr/
France,fr,Le Progrès,progres,http://www.leprogres.fr/
France,fr,Le Republicain Lorrain,republicainlorrain,http://www.republicain-lorrain.fr/
France,fr,Le nouvel Economiste,nouvel_economiste,http://www.nouveleconomiste.fr/
France,fr,Les Dernières Nouvelles d'Alsace,dna,http://www.dna.fr/
France,fr,Les Echos,echos,http://www.lesechos.fr/
France,fr,Libération,liberation,http://www.liberation.fr/
France,fr,Midi Libre,midilibre,http://www.midilibre.com/
France,fr,Midi Olympique,midi_olympique,http://www.rugbyrama.fr/
France,fr,Nice-Matin,nicematin,http://www.nicematin.com/
France,fr,Nord Éclair,nordeclair,http://www.nordeclair.fr/
France,fr,Ouest France,ouestfrance,http://www.ouest-france.fr/
France,fr,Paris Normandie,parisnormandie,http://www.paris-normandie.fr/
France,fr,Presse Ocean,presseocean,http://www.presseocean.fr/
France,fr,Progres de Fecamp,progresfecamp,http://www.paris-normandie.fr/communes/Fecamp
France,fr,Sud Ouest,sudouest,http://www.sudouest.com/
France,fr,Télégramme,telegramme,http://www.letelegramme.com/
France,fr,Var-Matin,varmatin,http://www.varmatin.com/
France,fr,Vaucluse,vaucluse,http://www.vauclusematin.com/
Germany,de,Bild,bild,http://www.bild.de/
Germany,de,Der Spiegel,spiegel,http://www.spiegel.de/
Germany,de,Der Tagesspiegel,tagesspiegel,http://www.tagesspiegel.de/
Germany,de,Die Tageszeitung,tageszeitung,http://www.taz.de/
Germany,de,Die Welt,die_welt,http://www.welt.de/
Germany,de,Frankfurter Allgemeine,faz,http://www.faz.de/
Germany,de,Frankfurter Rundschau,fr,http://www.fr-online.de/
Germany,de,Hamburger Morgenpost ,h_morgen_post,http://www.mopo.de/
Germany,de,Handelsblatt,handelsblatt,http://www.handelsblatt.com/
Germany,de,Sueddeutsche,sueddeutsche,http://www.sueddeutsche.de/
Greece,gr,Taxydromos -  ΤΑΧΥΔΡΟΜΟΣ,taxydromos,http://www.taxydromos.gr/
Greece,gr,Η ΚΑΘΗΜΕΡΙΝΗ,kathimerini,http://www.kathimerini.gr/
Greece,gr,ειδησεις - Ethnos,ethnos,http://www.ethnos.gr/
Guatemala,gt,Prensa Libre,gt_prensa_libre,http://www.prensalibre.com/
Honduras,hn,Diez,diez,http://www.diez.hn/
Honduras,hn,El Heraldo,hn_heraldo,http://www.elheraldo.hn/
Honduras,hn,La Prensa,laprensa,http://www.laprensa.hn/
Honduras,hn,La Tribuna,latribuna,http://www.latribuna.hn/
Honduras,hn,La Tribuna Deportiva,latribuna_deportiva,http://www.latribuna.hn/web2.0/?cat=7
Honduras,hn,Tiempo,tiempo,http://www.tiempo.hn/
India,in,Ananda Bazar Patrika - আনন্দবাজার পত্রিকা,in_anandbazar_patrika,http://www.anandabazar.com/
India,in,Eenadu - ఈనాడు,in_eenadu,http://www.eenadu.net/
India,in,Hindustan Times,hindustan_times,http://www.hindustantimes.com/
India,in,The Economic Times,economic_times,http://economictimes.indiatimes.com/
India,in,The Pioneer,pioneer,http://www.dailypioneer.com/
India,in,The Telegraph India,telegraph_india,http://www.telegraphindia.com/
India,in,The Times of India,times_india,http://timesofindia.indiatimes.com/
Ireland,ie,Irish Examiner,irish_examiner,http://www.irishexaminer.com/
Ireland,ie,Irish Times,irish_times,http://www.irishtimes.com/
Ireland,ie,The Irish News,irish_news,http://www.irishnews.com/
Israel,il,Haaretz,il_haaretz,http://www.haaretz.com/
Israel,il,The Jerusalem Post,jerusalem_post,http://www.jpost.com/
Israel,il,maariv,il_maariv,http://www.nrg.co.il/
Italy,it,Avvenire,avvenire,http://www.avvenire.it/
Italy,it,Corriere della Sera,corriere_della_sera,http://www.corriere.it/
Italy,it,Corriere dello Sport,corriere_sport,http://www.corrieredellosport.it/
Italy,it,Giornale di Sicilia,giornale_sicilia,http://www.gds.it/
Italy,it,Il Denaro,denaro,http://www.denaro.it/
Italy,it,Il Gazzettino,gazzettino,http://www.gazzettino.it/
Italy,it,Il Mattino,mattino,http://www.ilmattino.it/
Italy,it,Il Messaggero,ilmessaggero,http://www.ilmessaggero.it/
Italy,it,Il Sole 24 ORE,sole24ore,http://www.ilsole24ore.com/
Italy,it,Il Tirreno,tirreno,http://iltirreno.gelocal.it/
Italy,it,L'Osservatore Romano,osservatore_romano,http://www.vatican.va/news_services/or/
Italy,it,La Gazzetta dello Sport,gazzetta_sport,http://www.gazzetta.it/
Italy,it,La Repubblica,repubblica,http://www.repubblica.it/
Italy,it,La Sicilia,la_sicilia,http://www.lasicilia.it/
Italy,it,La Stampa,stampa,http://www.lastampa.it/
Italy,it,Libero,libero,http://www.libero-news.it/
Italy,it,Tuttosport,tuttosport,http://www.tuttosport.com/
Italy,it,l'Unità,unita,http://www.unita.it/
Japan,jp,Mainichi RT,mainichi_rt,http://mainichi-rt.com/
Japan,jp,Mainichi Shimbun - 毎日新聞,mainichi_shimbun,http://www.mainichi.jp/
Japan,jp,The Asahi Shimbun,asahi_shimbun,http://www.asahi.com/
Japan,jp,The Japan Times,japan_times,http://www.japantimes.co.jp/
Mexico,mx,A.B.C. ,abc_toluca,http://www.miled.com/abc/
Mexico,mx,Diario de Morelos,mx_diario_morelos,http://www.diariodemorelos.com/
Mexico,mx,Diario de Querétaro,mx_diario_queretaro,http://www.oem.com.mx/diariodequeretaro/
Mexico,mx,Diario de Xalapa,mx_diario_xalapa,http://www.oem.com.mx/diariodexalapa/
Mexico,mx,Diario de Yucatán,mx_diario_yucatan,http://www.yucatan.com.mx/
Mexico,mx,Diario del Istmo - Voz en Libertad,mx_diario_istmo,http://www.diariodelistmo.com/
Mexico,mx,El Diario de Chihuahua,mx_diario_chihuahua,http://www.eldiariodechihuahua.com.mx/
Mexico,mx,El Diario de Coahuila,mx_diario_coahuila,http://www.eldiariodecoahuila.com.mx/
Mexico,mx,El Diario de Nuevo Laredo,mx_diario_nuevolaredo,http://www.diario.net/
Mexico,mx,El Diario del Sur,mx_diario_sur,http://www.oem.com.mx/diariodelsur/
Mexico,mx,El Financiero,mx_financiero,http://www.elfinanciero.com.mx/
Mexico,mx,El Heraldo de Chiapas,mx_heraldo_chiapas,http://www.oem.com.mx/elheraldodechiapas/
Mexico,mx,El Heraldo de Chihuahua,mx_heraldo_chihuahua,http://www.oem.com.mx/elheraldodechihuahua/
Mexico,mx,El Imparcial,mx_imparcial,http://www.elimparcial.com/
Mexico,mx,El Independiente de Hidalgo,mx_independiente_hidalgo,http://www.elindependientedehidalgo.com.mx/
Mexico,mx,El Informador,mx_informador,http://www.informador.com.mx/
Mexico,mx,El Liberal del Sur,mx_liberal_sur,http://www.liberal.com.mx/
Mexico,mx,El Mañana de Reynosa,mx_manana_reynosa,http://www.elmanana.com/
Mexico,mx,El Mañana de Toluca,el_manana,http://www.miled.com/abc/
Mexico,mx,El Mexicano,mx_el_mexicano,http://www.oem.com.mx/elmexicano/
Mexico,mx,El Mundo de Xalapa,mx_mundo_xalapa,http://www.mundodexalapa.com/
Mexico,mx,El Norte,mx_elnorte,http://www.elnorte.com/
Mexico,mx,El Occidental,mx_occidental,http://www.oem.com.mx/eloccidental
Mexico,mx,El Orbe,mx_orbe,http://www.elorbe.com.mx/
Mexico,mx,El Periódico de Quintana Roo,periodico_quintana_roo,http://www.el-periodico.com.mx/
Mexico,mx,El Porvenir de Monterrey,mx_porvenir,http://www.elporvenir.com.mx/
Mexico,mx,El Sie7e de Chiapas,mx_siete_chiapas,http://www.sie7edechiapas.com.mx/
Mexico,mx,El Siglo de Durango,mx_siglo_durango,http://www.elsiglodedurango.com.mx/
Mexico,mx,El Siglo de Torreon,mx_siglo_torreon,http://www.elsiglodetorreon.com.mx/
Mexico,mx,El Sol de Acapulco,mx_sol_acapulco,http://www.oem.com.mx/elsoldeacapulco/
Mexico,mx,El Sol de Hidalgo,mx_sol_hidalgo,http://www.oem.com.mx/elsoldehidalgo/
Mexico,mx,El Sol de Irapuato,mx_sol_irapuato,http://www.oem.com.mx/elsoldeirapuato/
Mexico,mx,El Sol de León,mx_sol_leon,http://www.oem.com.mx/elsoldeleon/
Mexico,mx,El Sol de Mazatlán,mx_sol_mazatlan,http://www.oem.com.mx/elsoldemazatlan/
Mexico,mx,El Sol de México,mx_sol_mexico,http://www.oem.com.mx/elsoldemexico/
Mexico,mx,El Sol de Parral,mx_sol_parral,http://www.oem.com.mx/elsoldeparral/
Mexico,mx,El Sol de Puebla,mx_sol_puebla,http://www.oem.com.mx/elsoldepuebla/
Mexico,mx,El Sol de San Luis,mx_sol_sanluis,http://www.oem.com.mx/elsoldesanluis/
Mexico,mx,El Sol de Sinaloa,mx_sol_sinaloa,http://www.oem.com.mx/elsoldesinaloa/
Mexico,mx,El Sol de Tampico,mx_sol_tampico,http://www.oem.com.mx/elsoldetampico/
Mexico,mx,El Sol de Tijuana,mx_sol_tijuana,http://www.oem.com.mx/elsoldetijuana/
Mexico,mx,El Sol de Tlaxcala,mx_sol_tlaxcala,http://www.oem.com.mx/elsoldetlaxcala/
Mexico,mx,El Sol de Zacatecas,mx_sol_zacatecas,http://www.oem.com.mx/elsoldezacatecas/
Mexico,mx,El Sol del Bajio,mx_sol_bajio,http://www.oem.com.mx/elsoldelbajio/
Mexico,mx,El Sol del Centro,mx_sol_centro,http://www.oem.com.mx/elsoldelcentro/
Mexico,mx,El Sudcaliforniano,mx_sudcaliforniano,http://www.oem.com.mx/elsudcaliforniano/
Mexico,mx,El Tren,mx_tren,http://www.eltren.com.mx/
Mexico,mx,El Universal,mx_universal,http://www.eluniversal.com.mx/
Mexico,mx,El Vespertino,el_vespertino,http://www.miled.com/abc/
Mexico,mx,El Vigia,mx_vigia_sonora,http://www.elvigia.com.mx/main/
Mexico,mx,El Vigía,mx_vigia,http://www.elvigia.net/
Mexico,mx,Esto,mx_esto,http://www.oem.com.mx/esto
Mexico,mx,Excelsior,mx_excelsior,http://www.excelsior.com.mx/
Mexico,mx,Expreso,mx_expreso,http://www.expreso.com.mx/
Mexico,mx,Frontera,mx_frontera,http://www.frontera.info/
Mexico,mx,Gráfico Sur,grafico_sur,http://www.graficosur.com.mx/
Mexico,mx,Gráfico de Xalapa,grafico_xalapa,http://www.graficoaldia.com/
Mexico,mx,Huasteca Hoy,huasteca_hoy,http://www.huastecahoy.com.mx/
Mexico,mx,Imagen de Veracruz,mx_imagen_veracruz,http://www.imagendeveracruz.com.mx/
Mexico,mx,La Crónica de Baja California,mx_cronica_baja_cal,http://www.lacronica.com/
Mexico,mx,La Crónica de Hoy,mx_cronica,http://www.cronica.com.mx/
Mexico,mx,La Jornada,mx_jornada,http://www.jornada.unam.mx/
Mexico,mx,La Jornada de Guerrero,mx_jornada_guerrrero,http://www.lajornadaguerrero.com.mx/
Mexico,mx,La Jornada de Jalisco,mx_jornada_jalisco,http://www.lajornadajalisco.com.mx/
Mexico,mx,La Jornada de Michoacán,mx_jornada_michoacan,http://www.lajornadamichoacan.com.mx/
Mexico,mx,La Jornada de San Luis,mx_jornada_sanluis,http://www.lajornadasanluis.com.mx/
Mexico,mx,La Prensa,mx_laprensa,http://www.la-prensa.com.mx/
Mexico,mx,La Razón,mx_razon,http://www.razon.com.mx/
Mexico,mx,La Razón - Tampico,mx_razon_tampico,http://www.larazon.com.mx/
Mexico,mx,La Voz de Michoacán,mx_voz_michoacan,http://www.vozdemichoacan.com.mx/
Mexico,mx,La Voz de Quintana Roo,lavoz_quinatana_roo,http://www.lavozdequintanaroo.com.mx/
Mexico,mx,La Voz de la Frontera,mx_voz_frontera,http://www.oem.com.mx/lavozdelafrontera
Mexico,mx,Lider Informativo,mx_lider,http://liderinformativo.com/
Mexico,mx,Meridiano de Nayarit,mx_meridiano,http://meridiano.nayaritpuntocom.com/
Mexico,mx,Miled,miled,http://www.miled.com/abc/
Mexico,mx,Milenio,mx_milenio,http://www.milenio.com/
Mexico,mx,Milenio - Tampico,mx_milenio_tampico,http://impreso.milenio.com/Tampico/
Mexico,mx,Milenio Novedades,milenio_novedades,http://sipse.com/milenio/
Mexico,mx,Milenio de Estado de México,mx_milenio_edomex,http://impreso.milenio.com/Toluca
Mexico,mx,Milenio de León,mx_milenio_leon,http://impreso.milenio.com/Leon
Mexico,mx,Milenio de Monterrey,mx_milenio_monterrey,http://impreso.milenio.com/Monterrey
Mexico,mx,Milenio de Pachuca,mx_milenio_hidalgo,http://impreso.milenio.com/Pachuca
Mexico,mx,Milenio de Puebla,mx_milenio_puebla,http://impreso.milenio.com/Puebla
Mexico,mx,Novedades de Quintana Roo,novedades_quintana_roo,http://sipse.com/novedades/
Mexico,mx,Novedades de Tabasco,mx_novedades_tabasco,http://www.novedadesdetabasco.com.mx/
Mexico,mx,Opinión,mx_opinion_torreon,http://impreso.milenio.com/Torreon
Mexico,mx,Periódico Express,mx_express,http://www.periodicoexpress.com.mx/
Mexico,mx,Periódico Noroeste,mx_noroeste,http://www.noroeste.com.mx/
Mexico,mx,Primera Hora de Sinaloa,primera_hora,http://www.primera-hora.com.mx/
Mexico,mx,Provincia,mx_provincia,http://www.provincia.com.mx/
Mexico,mx,Público,mx_publico,http://impreso.milenio.com/Guadalajara
Mexico,mx,Record,mx_record,http://www.record.com.mx/
Mexico,mx,Record - Guadalajara,mx_record_guadalajara,http://www.record.com.mx/
Mexico,mx,Record - Monterrey,mx_record_monterrey,http://www.record.com.mx/
Mexico,mx,Reforma,mx_reforma,http://www.reforma.com/
Mexico,mx,San Luis Hoy,san_luis_hoy,http://www.sanluishoy.com.mx/
Mexico,mx,Tabasco Hoy,mx_tabasco_hoy,http://www.tabascohoy.com/
Mexico,mx,Vallarta Opina,mx_vallarta_opina,http://www.vallartaopina.net/
Mexico,mx,Vanguardia,mx_vanguardia,http://www.vanguardia.com.mx/
Mexico,mx,Via57,via57,http://www.via57.com.mx/
Mexico,mx,Zócalo - Piedras Negras,mx_zocalo_piedras_negras,http://www.zocalo.com.mx/seccion/c/coahuila-piedras-negras/
Mexico,mx,Zócalo de Saltillo,mx_zocalo,http://www.zocalo.com.mx/
Morocco,ma,L'Economiste,economiste,http://www.leconomiste.com/
Morocco,ma,Le Soir Echos,le_soir_echos,http://www.lesoir-echos.com/
Morocco,ma,جريدة المساء المغربية - Al Massae,almassae,http://www.almassae.press.ma
Netherlands,nl,AD,ad,http://www.ad.nl/
Netherlands,nl,Het Parool,het_parool,http://www.parool.nl/
Netherlands,nl,Trouw,trouw,http://www.trouw.nl/
New Zealand,nz,The Dominion Post,dominion_post,http://www.stuff.co.nz/dominion-post/
New Zealand,nz,The New Zealand Herald,new_zealand_herald,http://www.nzherald.co.nz/
New Zealand,nz,The Press,press,http://www.thepress.co.nz/
Nicaragua,ni,El Nuevo Diario,ni_nuevo_diario,http://www.elnuevodiario.com.ni/
Nicaragua,ni,Hoy,hoy,http://www.hoy.com.ni/
Nicaragua,ni,La Prensa,ni_prensa,http://www.laprensa.com.ni/
Norway,no,Aftenposten,aftenposten,http://www.aftenposten.no/
Panama,pa,El Siglo,el_siglo,http://www.elsiglo.com/
Panama,pa,La Estrella de Panamá,estrella_panama,http://www.estrelladepanama.com/
Paraguay,py,5 Días,py_5dias,http://www.5dias.com.py/
Paraguay,py,ABC Color,abccolor,http://www.abc.com.py/
Paraguay,py,ADN Paraguayo,adn,http://www.adndigital.com.py/
Paraguay,py,Diario Crónica,cronica,http://www.cronica.com.py/
Paraguay,py,Última Hora,py_ultimahora,http://www.ultimahora.com/
Peru,pe,Comercio,pe_comercio,http://www.elcomercioperu.com.pe/
Peru,pe,Del País,del_pais,http://www.delpais.com.pe/
Peru,pe,Depor,pe_depor,http://depor.pe/
Peru,pe,Diario Correo,pe_correo,http://diariocorreo.pe/
Peru,pe,Diario Correo - Arequipa,pe_correo_arequipa,http://diariocorreo.pe/edicion/arequipa
Peru,pe,Diario Correo - Ayacucho,pe_correo_ayacucho,http://diariocorreo.pe/edicion/ayacucho
Peru,pe,Diario Correo - Cusco,pe_correo_cusco,http://diariocorreo.pe/edicion/cusco
Peru,pe,Diario Gestión,pe_gestion,http://gestion.pe/
Peru,pe,Diario16,diario16,http://diario16.com.pe/
Peru,pe,El Peruano,pe_elperuano,http://www.elperuano.com.pe/
Peru,pe,Expreso,pe_expreso,http://www.expreso.com.pe/
Peru,pe,La Primera de Perú,pe_primera,http://www.diariolaprimeraperu.com/
Peru,pe,La Republica,pe_republica,http://larepublica.com.pe/
Peru,pe,Perú 21,pe_peru21,http://peru21.pe/
Poland,pl,Fakt,fakt,http://www.efakt.pl/
Poland,pl,Gazeta Wyborcza,gazeta_wyborcza,http://wyborcza.pl/
Portugal,pt,A Bola,a_bola,http://www.abola.pt/
Portugal,pt,Correio da Manhã,correiodamanha,http://www.correiodamanha.pt/
Portugal,pt,Diário de Coimbra,diario_coimbra,http://www.diariocoimbra.pt/
Portugal,pt,Diário de Noticias,diario_noticias,http://dn.sapo.pt/
Portugal,pt,Jornal de Notícias,jornal_noticias,http://jn.sapo.pt/
Portugal,pt,O Jogo,o_jogo,http://www.ojogo.pt/
Portugal,pt,Oje,oje,http://www.oje.pt/
Portugal,pt,Público,publico,http://www.publico.clix.pt/
Puerto Rico,pr,El Nuevo Día,nuevo_dia,http://www.elnuevodia.com/
Russia,ru,Delovoy Peterburg,delovoy_peterburg,http://www.dp.ru/
Russia,ru,Izvestia,izvestia,http://www.izvestia.ru/
Russia,ru,Kommersant,kommersant,http://www.kommersant.ru/
Russia,ru,Komsomolskaya Pravda,komsomolkaya_pravda,http://www.kp.ru/
Russia,ru,Moskovskaya Pravda,moskovskaya_pravda,http://www.mospravda.ru/
Russia,ru,Moskovsky Komsomolets,komsomolets,http://www.mk.ru/
Russia,ru,The Moscow Times,moscow_times,http://www.themoscowtimes.com/
South Africa,za,Beeld,beeld,http://www.beeld.com/
South Africa,za,Business Day,business_day,http://www.businessday.co.za/
South Africa,za,The Mercury,mercury,http://www.themercury.co.za/
South Africa,za,The Star,star,http://www.thestar.co.za/
Spain,es,20 Minutos - Barcelona,20minutos_barcelona,http://www.20minutos.es/barcelona/
Spain,es,20 Minutos - Madrid,20minutos_madrid,http://www.20minutos.es/madrid/
Spain,es,20 Minutos - Malaga,20minutos_malaga,http://www.20minutos.es/andalucia/#malaga
Spain,es,20 Minutos - Sevilla,20minutos_sevilla,http://www.20minutos.es/sevilla/
Spain,es,20 Minutos - Valencia,20minutos_valencia,http://www.20minutos.es/valencia/
Spain,es,20 Minutos - Zaragoza,20minutos_zaragoza,http://www.20minutos.es/aragon/
Spain,es,ABC,abc,http://www.abc.es/
Spain,es,ABC - Sevilla,abc_sevilla,http://www.abcdesevilla.es/
Spain,es,Alerta - El Diario de Cantabria,alerta,http://www.eldiarioalerta.com/
Spain,es,Ara,ara,http://www.ara.cat/
Spain,es,As,as,http://www.as.com/
Spain,es,Atlántico Diario,atlantico_diario,http://www.atlantico.net/
Spain,es,Berria,berria,http://www.berria.info/
Spain,es,Canarias 7,canarias7,http://www.canarias7.es/
Spain,es,Canarias 7 - Fuerteventura,canarias7_fuerteventura,http://www.canarias7.es/islanot.cfm?i=fv
Spain,es,Canarias 7 - Lanzarote,canarias7_lanzarote,http://www.canarias7.es/islanot.cfm?i=lz
Spain,es,Cantabria - El Mundo,elmundo_cantabria,http://www.elmundo.es/elmundo/espana.html
Spain,es,Castellón Al Día,castellon_al_dia,http://www.elmundo.es/elmundo/castellon.html
Spain,es,Cinco Días,5dias,http://www.cincodias.es/
Spain,es,DEPORsport,deporsport,http://www.canaldeportivo.com/
Spain,es,De Luns a Venres,l-v,http://lv.galiciae.com/
Spain,es,Deia,deia,http://www.deia.com/
Spain,es,Diari Balears,diari_balears,http://dbalears.cat/
Spain,es,Diari Bondia Lleida,bondia_lleida,http://www.bondia.cat/
Spain,es,Diari de Girona,diari_girona,http://www.diaridegirona.cat/
Spain,es,Diari de Tarragona,diari_tarragona,http://www.diaridetarragona.com/
Spain,es,Diario Información,diario_informacion,http://www.diarioinformacion.com/
Spain,es,Diario Jaén,diario_jaen,http://www.diariojaen.es/
Spain,es,Diario Palentino,diario_palentino,http://www.diariopalentino.es/
Spain,es,Diario Vasco,diario_vasco,http://www.diariovasco.com/
Spain,es,Diario de Almería,el_almeria,http://www.elalmeria.es/
Spain,es,Diario de Burgos,diario_burgos,http://www.diariodeburgos.es/
Spain,es,Diario de Cádiz,diario_cadiz,http://www.diariodecadiz.es/
Spain,es,Diario de Ibiza,diario_ibiza,http://www.diariodeibiza.es/
Spain,es,Diario de León,diario_leon,http://www.diariodeleon.es/
Spain,es,Diario de León - Bierzo,diario_leon_bierzo,http://www.diariodeleon.es/noticias/bierzo.asp
Spain,es,Diario de Mallorca,diario_mallorca,http://www.diariodemallorca.es/
Spain,es,Diario de Navarra,diario_navarra,http://www.diariodenavarra.es/
Spain,es,Diario de Pontevedra,diario_pontevedra,http://diariodepontevedra.galiciae.com/
Spain,es,Diario de Sevilla,diario_sevilla,http://www.diariodesevilla.es/
Spain,es,Diario de Soria,diario_soria,http://www.elmundo.es/elmundo/castillayleon.html
Spain,es,Diario de Teruel,diario_teruel,http://www.diariodeteruel.net/
Spain,es,Diario de Valladolid,diario_valladolid,http://www.elmundo.es/elmundo/castillayleon.html
Spain,es,Diario de Ávila,diario_avila,http://www.diariodeavila.es/
Spain,es,Diario del AltoAragón,altoaragon,http://www.diariodelaltoaragon.es/
Spain,es,Diario el Sur,diariosur,http://www.diariosur.es/
Spain,es,Diarios de Avisos,diario_avisos,http://www.diariodeavisos.es/
Spain,es,El 9,el9,http://www.vilaweb.cat/
Spain,es,El Adelantado de Segovia,adelantado_segovia,http://www.eladelantado.com/
Spain,es,El Comercio,elcomercio,http://www.elcomerciodigital.com/
Spain,es,El Comercio - Avilés,elcomercio_aviles,http://www.elcomerciodigital.com/aviles/local/
Spain,es,El Comercio - Gijón,elcomercio_gijon,http://www.elcomerciodigital.com/gijon/local/
Spain,es,El Correo,elcorreo,http://www.elcorreo.com/
Spain,es,El Correo - Guipuzcoa,elcorreo_guipuzcoa,http://www.elcorreodigital.com/vizcaya/local/guipuzcoa
Spain,es,El Correo - Álava,elcorreo_alava,http://www.elcorreodigital.com/alava/
Spain,es,El Correo Gallego,correo_gallego,http://www.elcorreogallego.es/
Spain,es,El Correo de Burgos,elcorreo_burgos,http://www.elcorreodeburgos.com/
Spain,es,El Correo de La Rioja,elcorreo_larioja,http://www.elcorreodigital.com/alava/local/la-rioja/
Spain,es,El Diario Montañés,diario_montanes,http://www.eldiariomontanes.es/
Spain,es,El Día,eldia,http://www.eldia.es/
Spain,es,El Día de Córdoba,eldia_cordoba,http://www.eldiadecordoba.es/
Spain,es,El Día de Valladolid,eldia_valladolid,http://www.eldiadevalladolid.com/
Spain,es,El Economista,eleconomista,http://www.eleconomista.es/
Spain,es,El Faro de Ceuta,elfaro_ceuta,http://www.elfaroceutamelilla.es/
Spain,es,El Faro de Melilla,elfaro_melilla,http://www.elfaroceutamelilla.es/
Spain,es,El Faro de Vigo - Ourense,farovigo_ourense,http://www.farodevigo.es/portada-ourense/
Spain,es,El Faro de Vigo - Pontevedra,farovigo_pontevedra,http://www.farodevigo.es/portada-pontevedra/
Spain,es,El Ideal de Jaén,ideal_jaen,http://www.ideal.es/
Spain,es,El Mundo,elmundo,http://www.elmundo.es/
Spain,es,El Mundo Deportivo,mundodeportivo,http://www.mundodeportivo.com/
Spain,es,El País,elpais,http://www.elpais.com/
Spain,es,El Periódico,elperiodico,http://www.elperiodico.com/
Spain,es,El Periódico Mediterraneo,elperiodico_mediterraneo,http://www.elperiodicomediterraneo.com/
Spain,es,El Periódico de Aragón,elperiodico_aragon,http://www.elperiodicodearagon.com/
Spain,es,El Periódico de Catalunya,elperiodico_cat,http://www.elperiodico.cat/
Spain,es,El Periódico de Extremadura,elperiodico_extremadura,http://www.elperiodicoextremadura.com/
Spain,es,El Progreso,progreso,http://elprogreso.galiciae.com/
Spain,es,El Pueblo de Ceuta,elpueblo_ceuta,http://www.elpueblodeceuta.es/
Spain,es,El Punt - Valencia,elpunt_valencia,http://www.elpunt.cat/
Spain,es,El Punt Avui,elpunt_avui,http://www.elpuntavui.cat/
Spain,es,El Punt Avui - Girona,elpunt_girona,http://www.elpunt.cat/girona.html
Spain,es,Europa Sur,europa_sur,http://www.europasur.es/
Spain,es,Expansión,expansion,http://www.expansion.com/
Spain,es,Faro de Vigo,farovigo,http://www.farodevigo.es/
Spain,es,Gara,gara,http://www.gara.net/
Spain,es,Gente en Barcelona,gente_barcelona,http://www.gentedigital.es/barcelona/
Spain,es,Gente en Burgos,gente_burgos,http://www.genteenburgos.com/
Spain,es,Gente en León,gente_leon,http://www.genteenleon.com/
Spain,es,Gente en Logroño,gente_logrono,http://www.gentedigital.es/logrono/
Spain,es,Gente en Madrid,gente_madrid,http://www.gentedigital.es/madrid/
Spain,es,Gente en Palencia,gente_palencia,http://www.genteenpalencia.com/
Spain,es,Gente en Santander,gente_santander,http://www.genteensantander.com/
Spain,es,Gente en Valladolid,gente_valladolid,http://www.genteenvalladolid.com/
Spain,es,Granada Hoy,granada_hoy,http://www.granadahoy.com/
Spain,es,Heraldo de Aragón,heraldo_aragon,http://www.heraldo.es/
Spain,es,Heraldo de Huesca,heraldo_huesca,http://www.heraldo.es/
Spain,es,Heraldo de Soria,heraldo_soria,http://www.heraldodesoria.es/
Spain,es,Hoy - Badajoz,hoy_badajoz,http://www.hoy.es/local/badajoz/
Spain,es,Hoy - Caceres,hoy_caceres,http://www.hoy.es/local/caceres/
Spain,es,Huelva Información,huelva_informacion,http://www.huelvainformacion.es/
Spain,es,Ideal,ideal_granada,http://www.ideal.es/
Spain,es,Ideal Almeria,ideal_almeria,http://www.ideal.es/almeria/
Spain,es,La Crónica - León,cronica_leon,http://www.lacronicadeleon.es/
Spain,es,La Gaceta,la_gaceta,http://www.intereconomia.com/la-gaceta
Spain,es,La Nueva España,lanuevaespana,http://www.lne.es/
Spain,es,La Nueva España - Avilés,lanuevaespana_aviles,http://www.lne.es/
Spain,es,La Nueva España - Gijón,lanuevaespana_gijon,http://www.lne.es/
Spain,es,La Opinión - El Correo de Zamora,opinion_zamora,http://www.laopiniondezamora.es/
Spain,es,La Opinión de A Coruña,opinion_coruna,http://www.laopinioncoruna.es/
Spain,es,La Opinión de Murcia,opinion_murcia,http://www.laopiniondemurcia.es/
Spain,es,La Opinión de Málaga,opinion_malaga,http://www.laopiniondemalaga.es/
Spain,es,La Opinión de Tenerife,opinion_tenerife,http://www.laopinion.es/
Spain,es,La Provincia,laprovincia,http://www.laprovincia.es/
Spain,es,La Razón,larazon,http://www.larazon.es/
Spain,es,La Región de Ourense,laregion,http://www.laregion.es/
Spain,es,La Rioja,larioja,http://www.larioja.com/
Spain,es,La Trbuna de Albacete,latribuna_albacete,http://www.latribunadealbacete.es/
Spain,es,La Trbuna de Toledo,latribuna_toledo,http://www.latribunadetoledo.es/
Spain,es,La Tribuna de Ciudad Real,latribuna_ciudadreal,http://www.diariolatribuna.com/CIUDADREAL/portada.cfm
Spain,es,La Vanguardia,lavanguardia,http://www.lavanguardia.es/
Spain,es,La Vanguardia - Català,lavanguardia_cat,http://www.lavanguardia.cat/
Spain,es,La Verdad de Albacete,laverdad_albacete,http://www.laverdad.es/albacete/
Spain,es,La Verdad de Alicante,laverdad_alicante,http://www.laverdad.es/alicante/
Spain,es,La Verdad de Cartagena,laverdad_cartagena,http://www.laverdad.es/murcia/local/cartagena/
Spain,es,La Verdad de Murcia,laverdad_murcia,http://www.laverdad.es/
Spain,es,La Voz de Cádiz,lavoz,http://www.lavozdigital.es/
Spain,es,La Voz de Galicia,vozgalicia,http://www.lavozdegalicia.es/
Spain,es,Lanza,lanza,http://www.lanzadigital.com/
Spain,es,Las Provincias,lasprovincias,http://www.lasprovincias.es/
Spain,es,Levante,levante,http://www.levante-emv.es/
Spain,es,Levante de Castelló,levante_castello,http://www.levante-emv.es/
Spain,es,Mallorca Zeitung,mallorca_zeitung,http://www.mallorcazeitung.es/
Spain,es,Marca,marca,http://www.marca.es/
Spain,es,Menorca - Diario Insular,diario_menorca,http://www.menorca.info/
Spain,es,Mundo Atlético,mundodeportivo_atletico,http://www.mundodeportivo.com/atletico-madrid/
Spain,es,Mundo Deportivo Bizkaia,mundodeportivo_bizkaia,http://www.mundodeportivo.com/athletic-bilbao/
Spain,es,Mundo Deportivo Gipuzkoa,mundodeportivo_gipuzkoa,http://www.mundodeportivo.com/real-sociedad/
Spain,es,Málaga Hoy,malaga_hoy,http://www.malagahoy.es/
Spain,es,Norte de Castilla - Palencia,nortecastilla_palencia,http://www.nortecastilla.es/local/palencia/
Spain,es,Norte de Castilla - Segovia,nortecastilla_segovia,http://www.nortecastilla.es/local/segovia/
Spain,es,Norte de Castilla - Valladolid,nortecastilla_valladolid,http://www.nortecastilla.es/local/valladolid/
Spain,es,Norte de Castilla - Zamora,nortecastilla_zamora,http://www.nortecastilla.es/local/zamora/
Spain,es,Noticias de Gipuzkoa,noticias_gipuzkoa,http://www.noticiasdegipuzkoa.com/
Spain,es,Noticias de Navarra,noticias_navarra,http://www.noticiasdenavarra.com/
Spain,es,Noticias de Álava,noticias_alava,http://www.noticiasdealava.com/
Spain,es,Nueva Alcarria,nueva_alcarria,http://www.nuevaalcarria.com/
Spain,es,Regio7,regio7,http://www.regio7.cat/
Spain,es,Segre,segre,http://www.segre.com/
Spain,es,Sport,sport,http://www.sport.es/
Spain,es,Superdeporte,superdeporte,http://www.superdeporte.es/
Spain,es,Viva Cadiz,viva_cadiz,http://www.andaluciainformacion.es/portada/?i=97
Spain,es,Viva Huelva,viva_huelva,http://www.vivahuelva.es/
Spain,es,Viva Jaén,viva_jaen,http://www.vivajaen.net/
Spain,es,Última Hora,ultima_hora,http://ultimahora.es/
Spain,es,Última Hora - Ibiza,ultima_hora_ibiza,http://ultimahora.es/
Spain,es,Última Hora - Menorca,ultima_hora_menorca,http://ultimahora.es/
Sweden,se,Aftonbladet,aftonbladet,http://www.aftonbladet.se/
Sweden,se,Dagens Nyheter,dagens_nyheter,http://www.dn.se/
Sweden,se,Expressen,expressen,http://www.expressen.se/
Sweden,se,Flamman,flamman,http://www.flamman.se/
Sweden,se,Göteborgstidningen,goteborgstidningen,http://gt.expressen.se/
Sweden,se,Helsingborgs Dagblad,helsingborgs_dagblad,http://hd.se/
Sweden,se,Kvällsposten,kvallsposten,http://kvp.se/
Sweden,se,Sundsvalls Tidning,sundsvalls_tidning,http://www.st.nu/
Switzerland,ch,Basler Zeitung,basler_zeitung,http://www.baz.ch/
Switzerland,ch,Corriere del Ticino,corriere_ticino,http://www.cdt.ch/
Switzerland,ch,Tages-Anzeiger,tages_anzeiger,http://www.tagesanzeiger.ch/
Turkey,tr,Habertürk,haberturk,http://www.haberturk.com/
Turkey,tr,Hürriyet,hurriyet,http://www.hurriyet.com.tr/
Turkey,tr,Milliyet,milliyet,http://www.milliyet.com.tr/
Turkey,tr,Sabah,sabah,http://www.sabah.com.tr/
Turkey,tr,Vatan,vatan,http://www.gazetevatan.com/
Turkey,tr,Zaman,zaman,http://www.zaman.com.tr/
USA,us,Arizona Daily Star,arizona_daily_star,http://azstarnet.com/
USA,us,Arizona Republic News,arizona_republic,http://www.azcentral.com/arizonarepublic/
USA,us,Birmingham News,birmingham_news,http://www.al.com/birminghamnews/
USA,us,Boston Globe,boston_globe,http://boston.com/bostonglobe/
USA,us,Chicago Sun-Times,chicago_sun_times,http://www.suntimes.com/
USA,us,Chicago Tribune,chicago_tribune,http://www.chicagotribune.com/
USA,us,Daily News - New York,ny_daily_news,http://www.nydailynews.com/
USA,us,Dallas Morning News,dallas_morning_news,http://www.dallasnews.com/
USA,us,Detroit Free Press,detroit_free_press,http://www.freep.com/
USA,us,El Nuevo Herald,nuevo_herald,http://www.elnuevoherald.com/
USA,us,La Opinión,laopinion,http://www.laopinion.com/
USA,us,Los Angeles Times,latimes,http://www.latimes.com/
USA,us,Miami Herald,miami_herald,http://www.miamiherald.com/
USA,us,New York Post,newyork_post,http://www.nypost.com/
USA,us,New York Times,newyork_times,http://www.nytimes.com/
USA,us,Newsday,newsday,http://www.newsday.com/
USA,us,Philadelphia Inquirer,philadelphia_inquirer,http://www.philly.com/inquirer/
USA,us,Press-Register,press_register,http://www.al.com/press-register/
USA,us,San Francisco Chronicle,sf_chronicle,http://www.sfgate.com/chronicle/
USA,us,San Jose Mercury News,mercure_news,http://www.mercurynews.com/
USA,us,Seattle Times,seattle_times,http://seattletimes.nwsource.com/html/home/
USA,us,St. Louis Post-Dispatch,st_louis_post,http://www.stltoday.com/
USA,us,St. Petersburg Times,st_petersburg_times,http://www.tampabay.com/
USA,us,Star Tribune,star_tribune,http://www.startribune.com/
USA,us,Star-Ledger,starledger,http://www.nj.com/starledger/
USA,us,The Atlanta Journal-Constitution,atlanta_journal_conts,http://www.ajc.com/
USA,us,The Baltimore Sun,baltimore_sun,http://www.baltimoresun.com/
USA,us,The Denver Post,denver_post,http://www.denverpost.com/
USA,us,The New Yorker,new_yorker,http://www.newyorker.com/
USA,us,The Orange County Register,orange_register,http://www.ocregister.com/
USA,us,The Plain Dealer,plain_dealer,http://www.plaindealer.com/
USA,us,The Sacramento Bee,sacramento_bee,http://sacbee.com/
USA,us,The San Diego Union-Tribune,union_tribune,http://www.signonsandiego.com/
USA,us,Wall Street Jounal,wsj,http://www.wsj.com/
USA,us,Washington Post,washington_post,http://www.washingtonpost.com/
United Kingdom,uk,Belfast Telegraph,belfast_telegraph,http://www.belfasttelegraph.co.uk/
United Kingdom,uk,City A.M.,city_am,http://www.cityam.com/
United Kingdom,uk,Daily Express,daily_express,http://www.express.co.uk/
United Kingdom,uk,Daily Mail,daily_mail,http://www.dailymail.co.uk/
United Kingdom,uk,Daily Mirror,mirror,http://www.mirror.co.uk/
United Kingdom,uk,Daily Star,daily_star,http://www.dailystar.co.uk/
United Kingdom,uk,Daily Telegraph,daily_telegraph,http://www.telegraph.co.uk/
United Kingdom,uk,Evening Standard,evening_standard,http://www.thisislondon.co.uk/standard/
United Kingdom,uk,Financial Times,ft_uk,http://www.ft.com/
United Kingdom,uk,The Economist,economist,http://economist.co.uk/
United Kingdom,uk,The Guardian,guardian,http://www.guardian.co.uk/
United Kingdom,uk,The Herald,herald,http://www.theherald.co.uk/
United Kingdom,uk,The Independent,the_independent,http://www.independent.co.uk/
United Kingdom,uk,The Journal,the_journal,http://www.journallive.co.uk/
United Kingdom,uk,The Observer,observer,http://observer.guardian.co.uk/
United Kingdom,uk,The Scotsman,scotsman,http://thescotsman.scotsman.com/
United Kingdom,uk,The Sun,sun,http://www.thesun.co.uk/
United Kingdom,uk,The Times,the_times,http://www.thetimes.co.uk/
United Kingdom,uk,The i,i_paper,http://www.independent.co.uk/i/
Uruguay,uy,Diario La Juventud,uy_juventud,http://www.diariolajuventud.com.uy/
Uruguay,uy,El Observador,uy_observador,http://www.elobservador.com.uy/
Uruguay,uy,El País,uy_elpais,http://www.elpais.com.uy/
Uruguay,uy,El Telégrafo,uy_telegrafo,http://www.eltelegrafo.com/
Uruguay,uy,La Diaria,uy_ladiaria,http://www.ladiaria.com/
Uruguay,uy,La República,uy_republica,http://www.diariolarepublica.net/
Venezuela,ve,2001 - Dosmiluno,ve_2001,http://www.2001.com.ve/
Venezuela,ve,Correo del Caroní,ve_correo_caroni,http://www.correodelcaroni.com/
Venezuela,ve,Diario La Región,ve_diario_region,http://www.diariolaregion.net/
Venezuela,ve,Diario La Voz,ve_diario_voz,http://www.diariolavoz.net/
Venezuela,ve,Diario de los Andes,diario_andes,http://www.diariodelosandes.com/
Venezuela,ve,El Clarín de la Victoria para Aragua,ve_clarin_aragua,http://www.elclarin.net.ve/
Venezuela,ve,El Diario de Guayana,ve_diario_guayana,http://www.eldiariodeguayana.com.ve/
Venezuela,ve,El Impulso,impulso,http://elimpulso.com/
Venezuela,ve,El Informador,ve_informador,http://www.elinformador.com.ve/
Venezuela,ve,El Mundo - Economía & Negocios,ve_mundo,http://www.elmundo.com.ve/
Venezuela,ve,El Nacional,ve_nacional,http://www.el-nacional.com/
Venezuela,ve,El Sol de Margarita,sol_margarita,http://www.elsoldemargarita.com.ve/
Venezuela,ve,El Tiempo - El periódico del pueblo oriental,tiempo_puerto_cruz,http://eltiempo.com.ve/
Venezuela,ve,La Hora,la_hora,http://www.lahora.com/
Venezuela,ve,La Mañana,manana,http://www.lamanana.com.ve/
Venezuela,ve,La Razón ,ve_razon,http://www.larazon.net/
Venezuela,ve,La Verdad de Zulia,verdad_zulia,http://laverdad.com/
Venezuela,ve,Las Noticias de Cojedes,noticias_cojedes,http://www.lasnoticiasdecojedes.com/
Venezuela,ve,Lider en deportes,ve_lider,http://www.liderendeportes.com/
Venezuela,ve,Meridiano,ve_meridiano,http://www.meridiano.com.ve/
Venezuela,ve,Mundo Oriental,mundo_oriental,http://www.mundo-oriental.com.ve/
Venezuela,ve,Nueva Prensa Guayana,ve_nueva_prensa,http://www.nuevaprensa.com.ve/
Venezuela,ve,Nueva Prensa de Oriente,nueva_prensa_oriente,http://www.nuevaprensa.web.ve/
Venezuela,ve,Periodiquito de Aragua,periodiquito,http://www.elperiodiquito.com/
Venezuela,ve,Periodiquito de Guárico,periodiquito_guarico,http://www.elperiodiquito.com/
Venezuela,ve,Primicia,primicia,http://www.primicia.com.ve/
Venezuela,ve,Universal,ve_universal,http://www.eluniversal.com/
Venezuela,ve,Versión Final,ve_version_final,http://www.versionfinal.com.ve/
Venezuela,ve,Visión Apureña,vision_apurena,http://www.visionapurena.com/
Venezuela,ve,Últimas Noticias,ve_ultimasnoticias,http://www.ultimasnoticias.com.ve/
